{"count":29,"results":[{"id":26,"name":"xorror","description":"XOR (exclusive OR) is a logical operator in Python used to evaluate if exactly one of two operands or expressions is true. Here's how XOR works in Python\r\nhttps://medium.com/@harhapid14/operator-logika-python-and-or-xor-not-d535d6231cd4\r\n\r\nauthor:\r\nroxasz","max_attempts":0,"value":500,"category":"Cryptography","type":"dynamic","state":"hidden","requirements":null,"connection_info":null,"next_id":null,"attribution":"roxasz"},{"id":27,"name":"tanpa kunci","description":"xor part 2","max_attempts":0,"value":500,"category":"Cryptography","type":"dynamic","state":"hidden","requirements":null,"connection_info":null,"next_id":null,"attribution":"ryanthe"},{"id":28,"name":"Bendera","description":"Bendera selain sebagai simbul juga sebagai sinyal untuk mengobarkan semangat.\r\n\r\ntulis dengan format KCSC{PESAN}","max_attempts":0,"value":500,"category":"Cryptography","type":"standard","state":"hidden","requirements":null,"connection_info":null,"next_id":null,"attribution":"ryanthe"},{"id":29,"name":"tabrakan","description":"Anda adalah seorang ahli kriptografi yang diharapkan bisa masuk konser karena algoritmanya sudah ketahuan\r\nyaitu MD5.\r\n\r\nuntuk menganalisa server.py kami lampirkan\r\n\r\nauthor:\r\nroxasz","max_attempts":0,"value":500,"category":"Cryptography","type":"dynamic","state":"hidden","requirements":null,"connection_info":"nc 10.100.200.112 1001","next_id":null,"attribution":"roxasz"},{"id":30,"name":"PEHH","description":"istilah \u201cPEHH\u201d jika diartikan secara sederhana dalam Bahasa Indonesia memiliki makna yang sama dengan kata \u201cwaduh\u201d. Kata ini sering diungkapkan ketika kaget, heran, ataupun kekecewaan. \r\n\r\nZGZJ{Syybck_k14uvk3w_r3s1v1_u3r_syybck_w3o}","max_attempts":0,"value":500,"category":"Cryptography","type":"standard","state":"hidden","requirements":null,"connection_info":null,"next_id":null,"attribution":"ryanthe"},{"id":31,"name":"Percaya","description":"aku ada pesan, dan kamu harus percaya kalau itu mudah.","max_attempts":0,"value":500,"category":"Cryptography","type":"standard","state":"hidden","requirements":null,"connection_info":null,"next_id":null,"attribution":"ryanthe"},{"id":32,"name":"NGL","description":"Lihat source codenya kemudian buat decode nya supaya dapat pesannya\r\n\r\nauthor:\r\nroxasz","max_attempts":0,"value":500,"category":"Reverse engineering","type":"standard","state":"hidden","requirements":null,"connection_info":null,"next_id":null,"attribution":"roxasz"},{"id":33,"name":"WDYM","description":"programmer kami dapat baris - baris perintah. gimana cara mengembalikannya dan mendapatkan pesannya.","max_attempts":0,"value":500,"category":"Reverse engineering","type":"standard","state":"hidden","requirements":null,"connection_info":null,"next_id":null,"attribution":null},{"id":34,"name":"PHP Legend","description":"cari flagnya dengan belajar perintah php\r\n","max_attempts":0,"value":500,"category":"Web Exploitation","type":"dynamic","state":"hidden","requirements":null,"connection_info":"http://10.100.200.112:3004/","next_id":null,"attribution":"ryanthe"},{"id":35,"name":"PHP Legend 2","description":"coba dong bantu aku untuk masuk, lupa passwordnya nih\r\n","max_attempts":0,"value":500,"category":"Web Exploitation","type":"dynamic","state":"hidden","requirements":null,"connection_info":"http://10.100.200.112:3005/","next_id":null,"attribution":null},{"id":36,"name":"anti-brute force","description":"web crawler itu menyebalkan sekali, makanya aku kasih kalian challange untuk belajar supaya terhindar dari bot spider terutama search engine.\r\no yaaa, jangan di brute force ya, pakai petunjuk diatas","max_attempts":0,"value":500,"category":"Web Exploitation","type":"standard","state":"hidden","requirements":null,"connection_info":"http://10.100.200.112:3006/","next_id":null,"attribution":null},{"id":37,"name":"Agent Mistery Challange","description":"Halo, Sobat Hacker! \ud83c\udf89\r\n\r\nKamu ditantang untuk memecahkan misteri Agent Intel yang super rahasia. Agent ini punya sesuatu yang kamu pasti pengen banget, alias FLAG-nya! Tapi, untuk dapetin FLAG itu, kamu harus pinter-pinter manipulasi `User-Agent` di request-mu. Siap untuk uji skillmu? Yuk, buktikan kalau kamu adalah hacker sejati!\r\n\r\nauthor :\r\nroxasz","max_attempts":0,"value":500,"category":"Web Exploitation","type":"dynamic","state":"hidden","requirements":null,"connection_info":"http://10.100.200.112:3001/","next_id":null,"attribution":"roxasz"},{"id":38,"name":"Katanya hacker","description":"Ada web yang bisa dibobol sama cracker, anda sebagai hacker (bener gak sih ?)\r\ndiharapkan mencari tahu cara masukknya dari mana\r\n\r\nauthor:\r\nroxasz","max_attempts":0,"value":500,"category":"Web Exploitation","type":"dynamic","state":"hidden","requirements":null,"connection_info":"http://10.100.200.112:3002/","next_id":null,"attribution":"roxasz"},{"id":39,"name":"Putar - putar menangkan","description":"kalian tahukan judi online banyak dimainkan di Indonesia.\r\nyuk kita akalin situsnya supaya kalian selalu menang.\r\njangan main judi online ya.......\r\n\r\nauthor:\r\nroxasz","max_attempts":0,"value":500,"category":"Web Exploitation","type":"standard","state":"hidden","requirements":null,"connection_info":"http://10.100.200.112:3003/","next_id":null,"attribution":"roxasz"},{"id":41,"name":"File Mitos: Rahasia di Balik File-File Ajaib","description":"Selamat datang di dunia di mana file menjadi lebih dari sekadar kumpulan byte! Di sini, seorang pemrogram bernama Filbert memiliki obsesi aneh terhadap membuka file dengan cara yang sangat... tidak biasa. Alih-alih membuka file dengan cara normal, dia lebih suka mengandalkan command injection sebagai trik rahasianya.\r\n\r\nTugasmu adalah membantu Filbert membuka file rahasia, tetapi hati-hati! Kalau kamu tidak cermat, program ini siap untuk menerima file apa saja, bahkan yang bukan sebenarnya file... atau malah perintah berbahaya! \ud83d\ude31\r\n\r\nTantangan:\r\nKamu harus memasukkan nama file yang ingin dibaca. Tapi, Filbert kurang berhati-hati dalam menggunakan fungsi scanf dan popen. Ini bisa jadi celah untuk menyisipkan \"file\" yang sedikit berbahaya. \ud83d\ude09\r\n\r\nPetunjuk:\r\n\r\nMasukkan nama filemu dengan cerdik\u2014dan mungkin sisipkan sesuatu yang lebih dari sekadar nama file? \ud83e\udd2b\r\nGunakan kreativitasmu untuk membaca lebih dari sekadar file dan mungkin jalankan perintah rahasia.\r\nJangan sampai Filbert tahu kalau kamu bisa melakukan lebih dari yang dia kira!\r\nSiap untuk menemukan rahasia di balik file-file ajaib ini? Selamat bermain dengan perintah!\r\n\r\nfilenya flag.txt","max_attempts":0,"value":500,"category":"PWN","type":"dynamic","state":"hidden","requirements":null,"connection_info":"nc 10.100.200.112 4001","next_id":null,"attribution":"ryanthe"},{"id":42,"name":"Rute Rahasia Menuju Kemenangan!","description":"Kisah ini dimulai dengan seorang pahlawan kecil bernama Byte, yang menemukan dirinya terjebak dalam program misterius. Di dalam program ini, Byte diberi satu misi sederhana: Menang. Hanya ada satu masalah\u2014tombol \"win\" tersembunyi jauh di dalam kode, dan jalan menuju kemenangan bukanlah melalui pintu utama... melainkan melalui jalur belakang yang penuh jebakan!\r\n\r\nTugasmu adalah membantu Byte menemukan cara untuk \"ret2win\" (retour ke kemenangan) dengan memanfaatkan celah kecil yang ditinggalkan oleh sang pengembang program yang pelupa. Jangan khawatir, sang pengembang juga meninggalkan beberapa catatan aneh di sepanjang jalan, seperti:\r\n\r\n\"Jika kamu menemukan buffer overflow, harap biarkan pintunya tetap terbuka!\"\r\n\r\nJadi, apakah kamu bisa menemukan alamat rahasia untuk langsung menuju kemenangan? Atau kamu akan tersesat di labirin segfault yang mengintai?\r\n\r\nPetunjuk:\r\n\r\nGunakan kemampuan ret2win-mu untuk melompati batasan program dan langsung menuju fungsi rahasia.\r\nJangan khawatir soal segfault, itu hanya \"pemandangan\" sepanjang perjalanan!\r\nBonus poin jika kamu berhasil sambil menyeruput kopi tanpa tumpah!\r\nSiap untuk \"return to win\"? Byte sudah menunggumu di garis finish dengan piala dan... mungkin donat.","max_attempts":0,"value":500,"category":"PWN","type":"dynamic","state":"hidden","requirements":null,"connection_info":"nc 10.100.200.112 4002","next_id":null,"attribution":"ryanthe"},{"id":43,"name":"Kembali ke Perpustakaan, Nak!","description":"Selamat datang di \"Kembali ke Perpustakaan, Nak!\" - sebuah tantangan yang penuh dengan humor dan kode yang tidak biasa! Di dalam dunia ini, kita memiliki seorang pemrogram canggung bernama Bob, yang terlalu percaya diri dengan keterampilan pemrogramannya. Namun, Bob mengalami masalah besar saat dia mencoba menjalankan programnya.\r\n\r\nBob telah menyimpan semua rahasia terbaiknya di sebuah perpustakaan ajaib yang dikenal sebagai libc. Sayangnya, dia lupa cara membuka pintu perpustakaan itu! Semua upaya yang dia lakukan untuk memanggil fungsi-fungsi di perpustakaan itu selalu berakhir dengan kesalahan lucu.\r\n\r\nTugasmu adalah membantu Bob menemukan jalan kembali ke perpustakaan dan memanggil fungsi-fungsi hebat yang tersembunyi di sana, menggunakan teknik ret2libc. Ingat, humor adalah kunci di sini! Setiap kali Bob melakukan kesalahan, dia akan mengeluarkan lelucon yang semakin konyol. Jadi, bersiaplah untuk tertawa sambil meretas!\r\n\r\nAturan:\r\n\r\nTemukan alamat fungsi yang tepat di libc.\r\nGunakan buffer overflow untuk membantu Bob masuk ke perpustakaan.\r\nCobalah untuk tidak membuat Bob terlalu malu dengan leluconnya!\r\nApakah kamu siap membantu Bob dan membawa senyum di wajahnya? Segera selesaikan tantangan ini, dan ingat: \u201cJangan lupakan buku, tetapi juga jangan lupakan lelucon!\u201d","max_attempts":0,"value":500,"category":"PWN","type":"standard","state":"hidden","requirements":null,"connection_info":"nc 10.100.200.112 4003","next_id":null,"attribution":"ryanthe"},{"id":44,"name":"Si Tukang Format yang Keblinger!","description":"Di sebuah dunia di mana semuanya harus rapi dan terformat dengan baik, hiduplah seorang programmer ceroboh bernama Ferdinand. Ferdinand sangat suka dengan format string, tapi dia selalu lupa memasang \u201cpagar pembatas\u201d di kodenya. Dia berpikir, \u201cUntuk apa repot-repot menulis kode yang aman? Biarkan saja user yang memformat segala sesuatunya!\u201d\r\n\r\nTapi, tentu saja itu masalah besar. Akibat keteledorannya, siapa pun bisa mengendalikan programnya hanya dengan trik sederhana. \ud83e\uddd0\r\n\r\nTugasmu adalah menjadi hacker kreatif dan memanfaatkan celah format string di program Ferdinand. Kamu bisa:\r\n\r\nMembocorkan informasi rahasia \ud83d\udd75\ufe0f\u200d\u2642\ufe0f\r\nMenulis data ke memori \ud83d\udcbe\r\nAtau bahkan membuat program Ferdinand menuruti perintahmu, karena, well\u2026 Ferdinand malas ngecek input!\r\nPetunjuk:\r\n\r\nGunakan %x, %s, atau apa pun yang menarik untuk melihat isi memori dan mengubahnya sesukamu.\r\nJangan lupa untuk tertawa kecil saat Ferdinand bingung kenapa kodenya tiba-tiba \u201cberbicara sendiri.\u201d\r\nSebagai bonus, mungkin kamu bisa menulis pesan lucu di layar programnya?\r\nBantu Ferdinand menyadari bahwa format string adalah sahabat, tapi juga bisa menjadi musuh besar! Selamat bersenang-senang dengan format-format misterius yang tersembunyi. \ud83d\ude0e","max_attempts":0,"value":500,"category":"PWN","type":"standard","state":"hidden","requirements":null,"connection_info":"nc 10.100.200.112 4004","next_id":null,"attribution":"ryanthe"},{"id":45,"name":"Hitungan Si Tukang Lebay","description":"Di sebuah dunia kode yang tenang, hiduplah seorang developer bernama Integreta yang suka sekali menghitung. Namun, ada satu hal aneh: Integreta selalu berpikir bahwa angka-angka kecil bisa \"tumbuh besar\" dengan ajaib jika diberikan ruang yang cukup luas. Dia membuat program dengan buffer ukuran pas-pasan, tetapi ketika kamu memasukkan angka yang sedikit\u2026 berlebihan, semuanya jadi kacau! \ud83c\udf89\r\n\r\nTugasmu adalah mengambil keuntungan dari \"keterbatasan\" cara Integreta menghitung. Melalui sebuah integer buffer overflow yang epik, kamu bisa membuat program ini salah paham dan meledak (bukan dalam arti sebenarnya, ya\u2026 mungkin). \ud83d\ude1c\r\n\r\nTantangan:\r\nIntegreta lupa bahwa angka punya batas, dan ketika dia mencoba menampung angkanya di buffer kecil, angka itu tumpah ke mana-mana! Cobalah memanipulasi angka-angka itu agar programnya mulai bertingkah aneh. Bisa-bisa kamu mengakses sesuatu yang seharusnya tidak boleh kamu lihat\u2026 atau lakukan!\r\n\r\nPetunjuk:\r\n\r\nPikirkan tentang apa yang terjadi ketika angka besar tidak muat dalam buffer kecil.\r\nGunakan kreativitasmu untuk melampaui batasan logika dan buat program Integreta jadi \"bingung berat\".\r\nOh, dan jangan khawatir tentang integere yang kelebihan beban... dia tidak pernah keberatan!\r\nApakah kamu siap untuk menumpahkan angka ke dalam memori dan menjadikan kekacauan ini kemenanganmu? Integreta sedang menunggu, dengan angka-angka besar dan buffer yang terlalu kecil! \ud83d\ude80","max_attempts":0,"value":500,"category":"PWN","type":"standard","state":"hidden","requirements":null,"connection_info":"nc 10.100.200.112 4005","next_id":null,"attribution":"ryanthe"},{"id":46,"name":"Si Tukang Format yang Keblinger! - 2","description":"flagnya disembunyikan dengan encoding. ayooo kamu bisa","max_attempts":0,"value":500,"category":"PWN","type":"standard","state":"hidden","requirements":null,"connection_info":"nc 10.100.200.112 4006","next_id":null,"attribution":"ryanthe"},{"id":47,"name":"Brute-force username attack","description":"Sebuah insiden keamanan dilaporkan terjadi di jaringan perusahaan XYZ. Tim keamanan mendeteksi upaya brute-force terhadap server login internal. Sebuah file pcap (Packet Capture) berhasil didapatkan sebagai bukti utama yang mencatat aktivitas serangan tersebut. Tugas Anda sebagai analis forensik adalah menelusuri aktivitas dalam file pcap untuk mengidentifikasi teknik serangan, username yang berhasil dicoba, dan rincian penting lainnya.","max_attempts":0,"value":500,"category":"Forensic","type":"standard","state":"hidden","requirements":null,"connection_info":null,"next_id":null,"attribution":"ryanthe"},{"id":48,"name":"Little endian","description":"setelah melakukan recovery dari sebuah flashdisk, ditemukan sebuah file dari sistem 32-bits, sudah dicoba dibuka tapi isinya tidak dapat dibaca, bantu baca filenya","max_attempts":0,"value":500,"category":"Forensic","type":"standard","state":"hidden","requirements":null,"connection_info":null,"next_id":null,"attribution":"ryanthe"},{"id":49,"name":"Simpang lima Gumul","description":"paling enak pagi/sore di simpang gumul sambil dengerin bernadya, ngopi. bener gak lur ? \r\n","max_attempts":0,"value":500,"category":"Forensic","type":"standard","state":"hidden","requirements":null,"connection_info":null,"next_id":null,"attribution":"ryanthe"},{"id":50,"name":"Gapura kediri","description":"Seorang agen rahasia mengirimkan pesan penting, tetapi untuk menghindari deteksi, pesan tersebut disembunyikan di dalam sebuah gambar. Tim intelijen telah berhasil mendapatkan gambar tersebut, namun pesan yang tersimpan di dalamnya masih belum diketahui. Tugas Anda adalah menemukan cara untuk mengekstrak pesan rahasia yang tersembunyi di dalam gambar tersebut.","max_attempts":0,"value":500,"category":"Forensic","type":"standard","state":"hidden","requirements":null,"connection_info":null,"next_id":null,"attribution":"ryanthe"},{"id":51,"name":"Tahu","description":"banyak orang tahu. kalau kamu tahu juga ?\r\n","max_attempts":0,"value":500,"category":"Forensic","type":"standard","state":"hidden","requirements":null,"connection_info":null,"next_id":null,"attribution":"ryanthe"},{"id":52,"name":"Password WiFiku paling aman","description":"aku pikir passwordku sudah paling susah, ternyata bisa dicrack dengan aircrack\r\ndan memang passwordku ada di rockyou.txt \r\nformat flag : KCSC{XXXXXXXX}","max_attempts":0,"value":500,"category":"Forensic","type":"standard","state":"hidden","requirements":null,"connection_info":null,"next_id":null,"attribution":"ryanthe"},{"id":53,"name":"Sepedaan di Kediri","description":"aku suka sepedaan, ada tempat yang menarik di kediri yang cocok, saat itu aku lihat media sosial yang meliput suasana menarik itu. coba carikan kode pada link tersebut.\r\n\r\ncara pengisian KCSC{kode pada link_nama_lokasi}\r\nhuruf kecil semua dengan mengganti spasi dengan _","max_attempts":0,"value":1000,"category":"OSINT","type":"standard","state":"hidden","requirements":null,"connection_info":null,"next_id":null,"attribution":null},{"id":54,"name":"LEMON DROP","description":"OCEARCH adalah organisasi nirlaba global yang melakukan penelitian yang belum pernah ada sebelumnya tentang raksasa-raksasa lautan kita untuk membantu para ilmuwan mengumpulkan data yang sebelumnya tidak dapat diperoleh di lautan.\r\npenyu raksasa bernama lemon drop termasuk yang dipasang gps untuk tahu lokasi perjalanan sepanjang tahun.\r\ncari kapan pertama kali lemon drop dipasang tag.\r\n\r\n\r\nformat flag : KCSC{Bulan tahun,tahun,jam}","max_attempts":0,"value":500,"category":"OSINT","type":"standard","state":"hidden","requirements":null,"connection_info":null,"next_id":null,"attribution":null},{"id":55,"name":"Kasus penjualan data","description":"Sebuah insiden kebocoran data dilaporkan melibatkan penjualan informasi pribadi secara ilegal di pasar gelap. Setelah penyelidikan lebih lanjut, diketahui bahwa data tersebut berasal dari sebuah instansi di Jawa Timur. Tugas Anda adalah melakukan investigasi mendalam untuk mengidentifikasi instansi tempat kebocoran data terjadi dan membuka nama instansi tersebut.\r\n\r\nbuka nama instansinya dengan domain s.d/nama_instansi huruf kecil semua tanpa spasi\r\n","max_attempts":0,"value":1000,"category":"OSINT","type":"standard","state":"hidden","requirements":null,"connection_info":null,"next_id":null,"attribution":"ryanthe"}],"meta":{}}