{"count":9,"results":[{"id":26,"initial":500,"minimum":400,"decay":10,"function":"linear"},{"id":27,"initial":500,"minimum":250,"decay":20,"function":"linear"},{"id":29,"initial":500,"minimum":400,"decay":5,"function":"linear"},{"id":34,"initial":500,"minimum":400,"decay":10,"function":"linear"},{"id":35,"initial":500,"minimum":400,"decay":10,"function":"linear"},{"id":37,"initial":500,"minimum":400,"decay":10,"function":"linear"},{"id":38,"initial":500,"minimum":400,"decay":10,"function":"linear"},{"id":41,"initial":500,"minimum":500,"decay":10,"function":"linear"},{"id":42,"initial":500,"minimum":500,"decay":10,"function":"linear"}],"meta":{}}