{"count":40,"results":[{"id":1,"type":"standard","location":"ae2d7d5a1851fb251d22c189c96e638c/Copy_of_Blue_Red_Modern_Pest_Control_Logo_4.png","challenge_id":null,"page_id":null,"sha1sum":"11939cf6caa71671beb835b69cc21ffea569279f"},{"id":2,"type":"standard","location":"3f287cb70dd5f145e10414b98b05c0fa/Copy_of_Blue_Red_Modern_Pest_Control_Logo_4_1.png","challenge_id":null,"page_id":null,"sha1sum":"3c5b43245eada73da9e0b1103e426bb77c1aaef3"},{"id":3,"type":"standard","location":"82bbd6f4163346dcd72cc4e87a27c712/Dark_Blue_Futuristic_Cyberpunk_Technology_Twitter_Header_1.jpg","challenge_id":null,"page_id":null,"sha1sum":"b0762ad7e0beb13c346e47118180665403a2e0f1"},{"id":4,"type":"standard","location":"cb5cbb7df922958d10437f5d692de835/Copy_of_Blue_Red_Modern_Pest_Control_Logo_4_1.png","challenge_id":null,"page_id":null,"sha1sum":"3c5b43245eada73da9e0b1103e426bb77c1aaef3"},{"id":5,"type":"standard","location":"add28b0c8efca10cc563619d4075daa6/Copy_of_Blue_Red_Modern_Pest_Control_Logo_4_1.png","challenge_id":null,"page_id":null,"sha1sum":"3c5b43245eada73da9e0b1103e426bb77c1aaef3"},{"id":6,"type":"standard","location":"9300deef5b8b0714da08c23485d9d004/Copy_of_Blue_Red_Modern_Pest_Control_Logo_4_1.png","challenge_id":null,"page_id":null,"sha1sum":"3c5b43245eada73da9e0b1103e426bb77c1aaef3"},{"id":16,"type":"challenge","location":"571065a91ef2443d8961535aafdf69a5/pesan","challenge_id":26,"page_id":null,"sha1sum":"bb170287f987bab2c97456c8e58712a83ffe1ad8"},{"id":17,"type":"challenge","location":"a7d54c814721333849bab2d81593faa3/key","challenge_id":26,"page_id":null,"sha1sum":"8a0734b06b5dfee6b9a99c785a6b6c61696e6c14"},{"id":18,"type":"challenge","location":"0f6d81eddabfb19380763be4def92c02/encrypted","challenge_id":26,"page_id":null,"sha1sum":"fe623f5dc0e620d79b9a43d3d01060a1fdd431d3"},{"id":19,"type":"challenge","location":"cb2e101f6d7c988684a8a829f36e4de8/enc.py","challenge_id":26,"page_id":null,"sha1sum":"50f7cc6ff885489c09ad10850eff91fb61d0fad7"},{"id":20,"type":"challenge","location":"e9619a5b109b312a35cd9f7a01d32a80/soal-tanpa-kunci.py","challenge_id":27,"page_id":null,"sha1sum":"1a1c70194166b968f7b870408c1e7c9c0d00c964"},{"id":21,"type":"challenge","location":"2460308d6630a4b11082c7fd9a214014/flag.txt.enc","challenge_id":27,"page_id":null,"sha1sum":"e2d608bbd59ae05c7ec7f4b327b92ec85aceebaa"},{"id":22,"type":"challenge","location":"36f0ef98525f93a8247b7a9b04a91a41/Bendera.png","challenge_id":28,"page_id":null,"sha1sum":"5e23a5dac53d2791bb59fdc3c674a48387f5c9bc"},{"id":23,"type":"challenge","location":"fa3c30cde7350ea6452c88163143acbe/server.py","challenge_id":29,"page_id":null,"sha1sum":"fd5df8b8a80eff05033e2f835ac6ea5e0662cad7"},{"id":24,"type":"challenge","location":"3d89c0913ee1e80a1b4473894a5e9378/pesan","challenge_id":31,"page_id":null,"sha1sum":"7abeedb981d9c354d41dc9b4c6d87191ae5be42c"},{"id":25,"type":"challenge","location":"dda5eead74b74b61b925ff7b472be52d/enc.py","challenge_id":32,"page_id":null,"sha1sum":"f585179f25b877683da42cba5ab11a70af1d0763"},{"id":26,"type":"challenge","location":"17fd034631da1cc8a95e101b6327accd/flag","challenge_id":32,"page_id":null,"sha1sum":"766ad96390237b6d948fe8c27be4d2d94f0e19b4"},{"id":27,"type":"challenge","location":"d8c4d435a9844a3a619c3b9882087cf7/flag","challenge_id":33,"page_id":null,"sha1sum":"727202f91234556148d6253b8ec34b45c9d69725"},{"id":28,"type":"challenge","location":"809c59a191a1f6ac1d9904ce6bd8b83f/enc.disas","challenge_id":33,"page_id":null,"sha1sum":"85be37406e65f5d29b98cd2b0307a92fb3434d8f"},{"id":29,"type":"challenge","location":"baf3b41fd85a0d1c954926d0f3497d5f/index.php","challenge_id":35,"page_id":null,"sha1sum":"f53c620a01eb0e03168af1ea9f738de6186ee1bf"},{"id":30,"type":"challenge","location":"3495c13f60e3702f2f36d4c0eb9acbc3/index.php","challenge_id":38,"page_id":null,"sha1sum":"1bdf77a6eebf4396e45b53916a4b4306133ca6de"},{"id":31,"type":"challenge","location":"6e6f00f2ba5411d9e1748cc6a048c7cc/putar-menangkan.zip","challenge_id":39,"page_id":null,"sha1sum":"b25627d094dbd03c91240382192be149d3004e46"},{"id":32,"type":"challenge","location":"7316c0b8213163c21c272aa3ab2f7ec3/chall.c","challenge_id":41,"page_id":null,"sha1sum":"5c7552007f9438038c969f57c15f2cafcff4df5a"},{"id":33,"type":"challenge","location":"ee82b72b438a4c4a3e16d54607b61628/chall","challenge_id":42,"page_id":null,"sha1sum":"d4c168181d727f7a2ceda3473b154e04214ab924"},{"id":34,"type":"challenge","location":"c5571a4766e0f152aaeb89ae8e6ba74f/chall.c","challenge_id":42,"page_id":null,"sha1sum":"6391cd03b4861cae4dd85b8cc8a1a0e17ca8923b"},{"id":35,"type":"challenge","location":"7918db26d4cf164b74daf3eb764ed52a/libc.so.6","challenge_id":43,"page_id":null,"sha1sum":"beb1f7fdf4f0e044e95bc43926cb0d3dbccfc2eb"},{"id":36,"type":"challenge","location":"6379f40a25aa8b7385dd4225cde68fa0/chall.c","challenge_id":43,"page_id":null,"sha1sum":"be36e715bfb5ff2e3554fcd61c6f0b9dc386fda3"},{"id":37,"type":"challenge","location":"aa18a6ab4b39c928de5f8472863d1738/chall","challenge_id":43,"page_id":null,"sha1sum":"c5d0aafaaf14c8629f2e6959fe27b0206ae5cc0d"},{"id":38,"type":"challenge","location":"56d495e6ef2e68a1da24d79bbb690985/ld-linux.so.2","challenge_id":43,"page_id":null,"sha1sum":"2953dc1f6096cfe3072fccc23477e151d628667f"},{"id":39,"type":"challenge","location":"d99f81f4c3ce5f1cabf4d72bdb972fdd/chall.c","challenge_id":44,"page_id":null,"sha1sum":"1e442c18c618d8d8c298b526ff3ccaf26bdf5b15"},{"id":40,"type":"challenge","location":"c1971dce3f84ef7411491d47ed41f1af/chall","challenge_id":44,"page_id":null,"sha1sum":"8addbe1c171af8a4810c7dee504b223d6f819930"},{"id":41,"type":"challenge","location":"8d33eced247b8ff3d1f18a80e8a2698d/chall.c","challenge_id":45,"page_id":null,"sha1sum":"5d9b1dce34aef28bfd4b8c10e9fa994dbb976904"},{"id":42,"type":"challenge","location":"4a5c079ad07451272107f0ac8f289480/chall","challenge_id":45,"page_id":null,"sha1sum":"7a6823d8627a0c2b1c9a7545c2c0557f563fc1c0"},{"id":43,"type":"challenge","location":"31f6b5cfa1c03607e1d6592ba3b73480/chall.c","challenge_id":46,"page_id":null,"sha1sum":"253756a7a937f40e6c32ad186eae72c1f956297f"},{"id":44,"type":"challenge","location":"a31f6f30a3d8bc76b860e673642b8f75/chall","challenge_id":46,"page_id":null,"sha1sum":"8addbe1c171af8a4810c7dee504b223d6f819930"},{"id":45,"type":"challenge","location":"5f437870cccf161fc6c9385551a453e6/chall-forensic-1","challenge_id":48,"page_id":null,"sha1sum":"df1ab66fa7581c690a046083d12e01781f9f6915"},{"id":46,"type":"challenge","location":"ce27a47bce6c04e1db60b631785f3f12/gapura.png","challenge_id":50,"page_id":null,"sha1sum":"5d220bbf6405c2150b359b8b6fd024870a0ec760"},{"id":47,"type":"challenge","location":"460cb78492c031ec1903bef2fadfbe7a/TAHU-TAKWA-KHAS-KEDIRI.jpg","challenge_id":51,"page_id":null,"sha1sum":"cc545fdb31b2269334d9fbeb26d3e8cba73c161d"},{"id":48,"type":"challenge","location":"92bb09c3abb786be792fde3606f4ba06/wpa-ing_out.pcap","challenge_id":52,"page_id":null,"sha1sum":"6fb80d1544e708c2307903a23eea413d25bf181e"},{"id":49,"type":"challenge","location":"2dbc166f51389c9a62e4ce162fbb1a13/hobi-sepedaan.png","challenge_id":53,"page_id":null,"sha1sum":"776428d71305d15b0af4b11aa70f0c917c0cb3a7"}],"meta":{}}