{"count":29,"results":[{"id":20,"challenge_id":26,"type":"static","content":"KCSC{y0u_just_xorring_m3}","data":""},{"id":21,"challenge_id":27,"type":"static","content":"KCSC{X0R_i5_pr3tty_3azy}","data":""},{"id":22,"challenge_id":28,"type":"static","content":"KCSC{P3S4NJUG4B1S4D4R1B3ND3R4}","data":""},{"id":23,"challenge_id":29,"type":"static","content":"KCSC{22e5aa6e60847cbab5d77c02a66788f9}","data":""},{"id":24,"challenge_id":30,"type":"static","content":"KCSC{Durung_d14ngg3p_k3d1r1_n3k_durung_p3h}","data":""},{"id":25,"challenge_id":31,"type":"static","content":"KCSC{B4s364_36_t1m3s}","data":""},{"id":26,"challenge_id":32,"type":"static","content":"KCSC{just_s1mpl3_shift111nggg}","data":""},{"id":27,"challenge_id":33,"type":"static","content":"KCSC{tHIS_Is_Pyth0N_In_dISAS}","data":""},{"id":28,"challenge_id":34,"type":"static","content":"KCSC{3v4l_3m4ng_L3g3nd}","data":""},{"id":29,"challenge_id":35,"type":"static","content":"KCSC{php_type_juggling_admin_bypassi_php_8.1}","data":""},{"id":30,"challenge_id":36,"type":"static","content":"KCSC{p3rm41n4n_r0b0ts.txt}","data":""},{"id":31,"challenge_id":37,"type":"static","content":"KCSC{4g3nt_1s_m1st3ry}","data":""},{"id":32,"challenge_id":38,"type":"static","content":"KCSC{S3l4mattt_H4ck3r}","data":""},{"id":33,"challenge_id":39,"type":"static","content":"KCSC{jang4n_buka_w3b_semacam_ini_ya_d3k_ya}","data":""},{"id":34,"challenge_id":41,"type":"static","content":"KCSC{C0mm4nd_1nj3ct1on_0nC}","data":""},{"id":35,"challenge_id":42,"type":"static","content":"KCSC{r3turn_0f_w1nn3r}","data":""},{"id":36,"challenge_id":43,"type":"static","content":"KCSC{r3turn_0f_l1bC}","data":""},{"id":37,"challenge_id":44,"type":"static","content":"KCSC{1l0v3_f0rm4t_str1ng}","data":""},{"id":38,"challenge_id":45,"type":"static","content":"KCSC{1nt3g3r_c0uld_be_wr0ng}","data":""},{"id":39,"challenge_id":46,"type":"static","content":"KCSC{1l0v3_f0rm4t_str1ng_plus_plus}","data":""},{"id":40,"challenge_id":47,"type":"static","content":"KCSC{F0r3ns1c_pcap_4d4l4h_sk1ll_d4s4r}","data":""},{"id":41,"challenge_id":48,"type":"static","content":"KCSC{L1ttl3_3nd1ans_kunc1}","data":""},{"id":42,"challenge_id":49,"type":"static","content":"KCSC{T3kn1k_g4mb4r_l3w4t_s3n4ndung_d4n_3x1f}","data":""},{"id":43,"challenge_id":50,"type":"static","content":"KCSC{m3ny1mp4n_p3s4n_d4l4m_g4mb4r}","data":""},{"id":44,"challenge_id":51,"type":"static","content":"KCSC{T4hu_T4kw4_4d4l4h_p3s4nnya}","data":""},{"id":45,"challenge_id":52,"type":"static","content":"KCSC{mickeymouse}","data":""},{"id":46,"challenge_id":53,"type":"static","content":"KCSC{ctxXpxAHQ68_bukit_ongakan}","data":""},{"id":47,"challenge_id":54,"type":"static","content":"KCSC{Apr 21, 2024, 12:00:00 AM}","data":""},{"id":48,"challenge_id":55,"type":"static","content":"KCSC{B4r1k_4bdul_gh0fur_sdn_1_g4mb1r4n}","data":""}],"meta":{}}