{"count":12,"results":[{"id":1,"type":"standard","challenge_id":28,"content":"International maritime signal flags\n","cost":0,"requirements":{"prerequisites":[]}},{"id":2,"type":"standard","challenge_id":34,"content":"if (isset($_GET['cmd'])) {\n    $cmd = $_GET['cmd'];\n    // Eksekusi command menggunakan backticks\n    eval($cmd);  // Command execution via backticks\n} else {\n    echo \"kirimkan perintah pada parameter cmd. ?cmd=perintah\";\n}","cost":0,"requirements":{"prerequisites":[]}},{"id":3,"type":"standard","challenge_id":36,"content":"coba cari tahu penemunya adalah Martijn Koster","cost":0,"requirements":{"prerequisites":[]}},{"id":4,"type":"standard","challenge_id":37,"content":"coba cek di /submit","cost":0,"requirements":{"prerequisites":[]}},{"id":5,"type":"standard","challenge_id":38,"content":"https://bash.cyberciti.biz/guide/$IFS\n\ninternal field separator","cost":0,"requirements":{"prerequisites":[]}},{"id":6,"type":"standard","challenge_id":41,"content":"aku ada dirumah","cost":100,"requirements":{"prerequisites":[]}},{"id":7,"type":"standard","challenge_id":42,"content":"pelajari ret2win","cost":0,"requirements":{"prerequisites":[]}},{"id":8,"type":"standard","challenge_id":50,"content":"Gunakan alat steganography online","cost":0,"requirements":{"prerequisites":[]}},{"id":9,"type":"standard","challenge_id":51,"content":"ini hanya permainan encoding, pesannya ada di file tersebut","cost":0,"requirements":{"prerequisites":[]}},{"id":10,"type":"standard","challenge_id":52,"content":"WPA-ing-out picoCTF","cost":0,"requirements":{"prerequisites":[]}},{"id":11,"type":"standard","challenge_id":53,"content":"1.aku berupa video dan di channel youtube.\n2.aku di channel youtube. ambil isi dari https://www.youtube.com/watch?v=KODE_JAWABAN ditambah dengan nama tempat wisata\n\nhuruf kecil ya","cost":0,"requirements":{"prerequisites":[]}},{"id":12,"type":"standard","challenge_id":54,"content":"cari webnya, dan cari lemon drop","cost":0,"requirements":{"prerequisites":[]}}],"meta":{}}