{"count":7,"results":[{"id":1,"oauth_id":null,"name":"sanki_admin","password":"$bcrypt-sha256$v=2,t=2b,r=12$lEOwIXiPr2/SxkuUg/6OyO$0RIVpbLd.5p0Q4X6.GZQvbwB6gf3aiK","email":"csirtkedirikota@gmail.com","type":"admin","secret":null,"website":null,"affiliation":null,"country":null,"hidden":1,"banned":0,"verified":1,"team_id":null,"created":"2024-10-08T08:04:32.904889","language":null,"bracket_id":null},{"id":2,"oauth_id":null,"name":"jacob","password":"$bcrypt-sha256$v=2,t=2b,r=12$iXTvAP6N4Yln.GD10WEkHO$2Ed8Ul1UGpoh3Tggf1ruWpz8Tr49Vt.","email":"jltrhxd@gmail.com","type":"admin","secret":null,"website":null,"affiliation":null,"country":null,"hidden":1,"banned":0,"verified":1,"team_id":null,"created":"2024-10-08T08:18:39.501073","language":null,"bracket_id":null},{"id":7,"oauth_id":null,"name":"adminpoltek","password":"$bcrypt-sha256$v=2,t=2b,r=12$XEFRFd0ecaatUjwH5a5X9.$8Z39z77PWOFG/aXxg6aia/jlP8259mS","email":"jacobsaja@gmail.com","type":"admin","secret":null,"website":null,"affiliation":null,"country":null,"hidden":1,"banned":0,"verified":1,"team_id":null,"created":"2024-10-14T03:18:16.730569","language":null,"bracket_id":null},{"id":61,"oauth_id":null,"name":"ryanthe","password":"$bcrypt-sha256$v=2,t=2b,r=12$ZItjp2GTWlo/fsY0836X3.$7Q6ufalFEGemB8i8bFHcuiuUXPPVBZ2","email":"ryanthe@gmail.com","type":"admin","secret":null,"website":null,"affiliation":null,"country":null,"hidden":1,"banned":0,"verified":1,"team_id":null,"created":"2024-10-21T09:42:12.968048","language":null,"bracket_id":null},{"id":63,"oauth_id":null,"name":"roxasz","password":"$bcrypt-sha256$v=2,t=2b,r=12$0a4lEGzs39V3dndTdSUs5e$uKrL4bmQkbyuBzxEBy7LkfPNLHXTRD.","email":"daniel.dhanissby@gmail.com","type":"admin","secret":null,"website":null,"affiliation":null,"country":null,"hidden":1,"banned":0,"verified":1,"team_id":null,"created":"2024-10-21T10:02:42.831268","language":null,"bracket_id":null},{"id":64,"oauth_id":null,"name":"david","password":"$bcrypt-sha256$v=2,t=2b,r=12$m78Ya6k6UtBD8NAq1L0RKe$S9YbY2kvdPtXPtWPa9wVFft.o.2XgAi","email":"david.suryaputra@yahoo.co.id","type":"admin","secret":null,"website":null,"affiliation":null,"country":"ID","hidden":1,"banned":0,"verified":1,"team_id":null,"created":"2024-10-22T19:06:05.900538","language":null,"bracket_id":null},{"id":65,"oauth_id":null,"name":"nikko","password":"$bcrypt-sha256$v=2,t=2b,r=12$tPtT3CeIho7nd1lXrF.rH.$JhdCjqoqEk9.RW4315leDxumdRdGN6e","email":"nikkoenggaliano@gmail.com","type":"admin","secret":null,"website":null,"affiliation":null,"country":null,"hidden":1,"banned":0,"verified":1,"team_id":null,"created":"2024-10-23T02:40:25.843384","language":null,"bracket_id":null}],"meta":{}}